report_month,report_year,report_quarter,system,users_total,transactions_total,transaction_value_jod,user_jordanian_count,user_non_jordanian_count,user_male_count,user_female_count,user_age_under_30_count,user_age_31_50_count,user_age_51_plus_count,customer_individual_count,customer_legal_entity_count,wallet_individual_count,wallet_commercial_count,user_existing_count,user_new_count,tx_purchases_count,tx_money_transfers_count,tx_cash_out_count,tx_cash_in_count,value_purchases_jod,value_money_transfers_jod,value_cash_out_jod,value_cash_in_jod,on_us_money_transfer_count,off_us_money_transfer_count,on_us_money_transfer_value_jod,off_us_money_transfer_value_jod,billers_total,services_total,ef_cash_payment_count,ef_digital_payment_count,ef_cash_payment_value_jod,ef_digital_payment_value_jod,ach_jod_transaction_count,ach_usd_transaction_count,ach_usd_transaction_value,ach_eur_transaction_count,ach_eur_transaction_value,ach_gbp_transaction_count,ach_gbp_transaction_value,returned_cheque_count,returned_cheque_value_jod,returned_cheque_count_rate_pct,returned_cheque_value_rate_pct,activity_level
2022-11,2022,Q4,CliQ,523000,985000,175000000,494200,24100,342500,171500,202000,209000,63000,518300,4300,0,0,0,0,84300,900800,0,0,18800000,156500000,0,0,170000,580000,22000000,120000000,0,0,0,0,0,0,0,0,0,0,0,0,0,0,0,0,0,Low Activity
2022-11,2022,Q4,JoMoPay,2020000,1260000,155000000,1760000,250000,1230000,770000,685000,818000,332000,0,0,2360000,6391,0,0,58000,1053000,87000,61000,2000000,126500000,17800000,8500000,440000,330000,43700000,33100000,0,0,0,0,0,0,0,0,0,0,0,0,0,0,0,0,0,Low Activity
2022-11,2022,Q4,eFAWATEERcom,3580000,3630000,848000000,0,0,0,0,0,0,0,0,0,0,0,3550000,35000,0,0,0,0,0,0,0,0,0,0,0,0,430,1303,780000,2850000,138400000,709800000,0,0,0,0,0,0,0,0,0,0,0,Low Activity
2022-12,2022,Q4,CliQ,561000,1180000,209000000,529800,26300,365000,186200,215000,224000,67000,556100,4900,0,0,0,0,91900,1091000,0,0,21400000,187900000,0,0,210000,690000,26000000,144000000,0,0,0,0,0,0,0,0,0,0,0,0,0,0,0,0,0,Low Activity
2022-12,2022,Q4,JoMoPay,2050000,1510000,188000000,1780000,250000,1230000,800000,695000,828000,338000,0,0,2400000,6481,0,0,62000,1221000,132000,92000,2100000,148500000,23500000,13800000,530000,430000,52500000,38500000,0,0,0,0,0,0,0,0,0,0,0,0,0,0,0,0,0,Low Activity
2022-12,2022,Q4,eFAWATEERcom,3620000,3720000,844000000,0,0,0,0,0,0,0,0,0,0,0,3580000,37000,0,0,0,0,0,0,0,0,0,0,0,0,436,1317,800000,2920000,137400000,706900000,0,0,0,0,0,0,0,0,0,0,0,Low Activity
2023-01,2023,Q1,ACH,0,875000,706000000,0,0,0,0,0,0,0,0,0,0,0,0,0,0,0,0,0,0,0,0,0,0,0,0,0,0,0,0,0,0,0,869000,5236,31300000,253,2700000,34,190000,0,0,0,0,Low Activity
2023-01,2023,Q1,CliQ,592000,1310000,235000000,555100,27800,379600,198100,225000,236000,71000,586800,5500,0,0,0,0,95700,1219000,0,0,25500000,209100000,0,0,230000,750000,29000000,157000000,0,0,0,0,0,0,0,0,0,0,0,0,0,0,0,0,0,Low Activity
2023-01,2023,Q1,JoMoPay,2050000,1570000,193000000,1780000,250000,1220000,800000,696000,822000,337000,0,0,2410000,6598,0,0,65000,1283000,129000,96000,2200000,153100000,23200000,14600000,540000,460000,50300000,39200000,0,0,0,0,0,0,0,0,0,0,0,0,0,0,0,0,0,Low Activity
2023-01,2023,Q1,eFAWATEERcom,3660000,4320000,1054000000,0,0,0,0,0,0,0,0,0,0,0,3620000,38000,0,0,0,0,0,0,0,0,0,0,0,0,442,1334,910000,3410000,169600000,884100000,0,0,0,0,0,0,0,0,0,0,0,Normal Activity
2023-02,2023,Q1,ACH,0,819000,639000000,0,0,0,0,0,0,0,0,0,0,0,0,0,0,0,0,0,0,0,0,0,0,0,0,0,0,0,0,0,0,0,814000,4895,27700000,294,3200000,39,390000,0,0,0,0,Low Activity
2023-02,2023,Q1,CliQ,634000,1350000,234000000,553000,29600,370700,206000,219000,237000,75000,628000,6100,0,0,0,0,103300,1248000,0,0,25800000,208600000,0,0,240000,770000,30000000,155000000,0,0,0,0,0,0,0,0,0,0,0,0,0,0,0,0,0,Low Activity
2023-02,2023,Q1,JoMoPay,1850000,1410000,175000000,1560000,230000,1020000,750000,595000,735000,302000,0,0,2130000,6695,0,0,43000,1211000,86000,74000,1900000,145100000,16400000,11900000,530000,410000,49900000,35800000,0,0,0,0,0,0,0,0,0,0,0,0,0,0,0,0,0,Low Activity
2023-02,2023,Q1,eFAWATEERcom,3700000,3800000,933000000,0,0,0,0,0,0,0,0,0,0,0,3660000,38000,0,0,0,0,0,0,0,0,0,0,0,0,447,1342,830000,2970000,163100000,770200000,0,0,0,0,0,0,0,0,0,0,0,Low Activity
2023-03,2023,Q1,ACH,0,920000,736000000,0,0,0,0,0,0,0,0,0,0,0,0,0,0,0,0,0,0,0,0,0,0,0,0,0,0,0,0,0,0,0,915000,5502,33000000,267,2800000,34,360000,0,0,0,0,Normal Activity
2023-03,2023,Q1,CliQ,678000,1700000,298000000,587800,32200,390000,223000,232000,252000,80000,671000,6700,0,0,0,0,133800,1600000,0,0,33300000,264700000,0,0,300000,960000,39000000,196000000,0,0,0,0,0,0,0,0,0,0,0,0,0,0,0,0,0,Low Activity
2023-03,2023,Q1,ECCU,0,389000,2458000000,0,0,0,0,0,0,0,0,0,0,0,0,0,0,0,0,0,0,0,0,0,0,0,0,0,0,0,0,0,0,0,0,0,0,0,0,0,0,12700,78600000,3.3,3.2,Low Activity
2023-03,2023,Q1,JoMoPay,1850000,1790000,218000000,1550000,230000,1010000,770000,600000,733000,298000,0,0,2140000,6786,0,0,39000,1534000,127000,89000,2300000,178700000,22800000,14000000,660000,530000,57800000,45500000,0,0,0,0,0,0,0,0,0,0,0,0,0,0,0,0,0,Low Activity
2023-03,2023,Q1,eFAWATEERcom,3730000,4060000,959000000,0,0,0,0,0,0,0,0,0,0,0,3730000,35000,0,0,0,0,0,0,0,0,0,0,0,0,460,1385,870000,3190000,152200000,806800000,0,0,0,0,0,0,0,0,0,0,0,Low Activity
2023-04,2023,Q2,ACH,0,893000,673000000,0,0,0,0,0,0,0,0,0,0,0,0,0,0,0,0,0,0,0,0,0,0,0,0,0,0,0,0,0,0,0,888000,5007,27000000,201,1600000,35,420000,0,0,0,0,Low Activity
2023-04,2023,Q2,CliQ,721000,1770000,306000000,627600,34400,414000,239000,247000,269000,88000,713000,7200,0,0,0,0,154700,1600000,0,0,37200000,268800000,0,0,300000,980000,40000000,196000000,0,0,0,0,0,0,0,0,0,0,0,0,0,0,0,0,0,Low Activity
2023-04,2023,Q2,ECCU,0,456000,3042000000,0,0,0,0,0,0,0,0,0,0,0,0,0,0,0,0,0,0,0,0,0,0,0,0,0,0,0,0,0,0,0,0,0,0,0,0,0,0,14600,95000000,3.2,3.1,Low Activity
2023-04,2023,Q2,JoMoPay,1880000,1730000,204000000,1580000,230000,1010000,790000,611000,745000,302000,0,0,2180000,6790,0,0,38000,1509000,103000,78000,2400000,170100000,18700000,12700000,630000,530000,52900000,45100000,0,0,0,0,0,0,0,0,0,0,0,0,0,0,0,0,0,Low Activity
2023-04,2023,Q2,eFAWATEERcom,3780000,3480000,991000000,0,0,0,0,0,0,0,0,0,0,0,3760000,28000,0,0,0,0,0,0,0,0,0,0,0,0,461,1387,640000,2830000,142100000,848700000,0,0,0,0,0,0,0,0,0,0,0,Normal Activity
2023-05,2023,Q2,ACH,0,931000,757000000,0,0,0,0,0,0,0,0,0,0,0,0,0,0,0,0,0,0,0,0,0,0,0,0,0,0,0,0,0,0,0,925000,5716,37000000,387,2900000,47,520000,0,0,0,0,Normal Activity
2023-05,2023,Q2,CliQ,768000,2100000,367000000,671300,37200,439000,259000,263000,287000,94000,758000,9100,0,0,0,0,203700,1900000,0,0,50500000,316500000,0,0,370000,1140000,48000000,230000000,0,0,0,0,0,0,0,0,0,0,0,0,0,0,0,0,0,Low Activity
2023-05,2023,Q2,ECCU,0,678000,3770000000,0,0,0,0,0,0,0,0,0,0,0,0,0,0,0,0,0,0,0,0,0,0,0,0,0,0,0,0,0,0,0,0,0,0,0,0,0,0,23300,130000000,3.4,3.4,High Activity
2023-05,2023,Q2,JoMoPay,1930000,2030000,245000000,1600000,240000,1020000,820000,627000,760000,309900,0,0,2240000,6835,0,0,39000,1773000,125000,94000,2700000,202400000,24200000,15400000,740000,630000,63300000,52100000,0,0,0,0,0,0,0,0,0,0,0,0,0,0,0,0,0,Low Activity
2023-05,2023,Q2,eFAWATEERcom,3800000,4550000,1074000000,0,0,0,0,0,0,0,0,0,0,0,3790000,32000,0,0,0,0,0,0,0,0,0,0,0,0,469,1426,930000,3610000,171200000,902400000,0,0,0,0,0,0,0,0,0,0,0,Normal Activity
2023-06,2023,Q2,ACH,0,890000,702000000,0,0,0,0,0,0,0,0,0,0,0,0,0,0,0,0,0,0,0,0,0,0,0,0,0,0,0,0,0,0,0,886000,4475,27000000,282,3100000,45,410000,0,0,0,0,Low Activity
2023-06,2023,Q2,CliQ,810000,2300000,399000000,709900,39700,461000,276000,277000,303000,99000,799000,9800,0,0,0,0,232700,2000000,0,0,58100000,340800000,0,0,390000,1230000,54000000,246000000,0,0,0,0,0,0,0,0,0,0,0,0,0,0,0,0,0,Low Activity
2023-06,2023,Q2,ECCU,0,458000,2960000000,0,0,0,0,0,0,0,0,0,0,0,0,0,0,0,0,0,0,0,0,0,0,0,0,0,0,0,0,0,0,0,0,0,0,0,0,0,0,13800,95000000,3,3.2,Low Activity
2023-06,2023,Q2,JoMoPay,1960000,2070000,249000000,1640000,250000,1030000,850000,640000,772000,315000,0,0,2290000,6874,0,0,57000,1804000,130000,80000,2900000,208100000,23900000,14700000,760000,630000,64700000,53400000,0,0,0,0,0,0,0,0,0,0,0,0,0,0,0,0,0,Low Activity
2023-06,2023,Q2,eFAWATEERcom,3800000,3650000,750000000,0,0,0,0,0,0,0,0,0,0,0,3810000,28000,0,0,0,0,0,0,0,0,0,0,0,0,470,1527,750000,2890000,133100000,616500000,0,0,0,0,0,0,0,0,0,0,0,Low Activity
2023-07,2023,Q3,ACH,0,867000,725000000,0,0,0,0,0,0,0,0,0,0,0,0,0,0,0,0,0,0,0,0,0,0,0,0,0,0,0,0,0,0,0,861000,5394,35000000,295,2600000,55,610000,0,0,0,0,Low Activity
2023-07,2023,Q3,CliQ,882000,2600000,461000000,777900,42500,494000,308000,309000,327000,109000,871000,10000,0,0,0,0,281400,2300000,0,0,72000000,389000000,0,0,440000,1350000,61000000,279000000,0,0,0,0,0,0,0,0,0,0,0,0,0,0,0,0,0,Low Activity
2023-07,2023,Q3,ECCU,0,654000,3750000000,0,0,0,0,0,0,0,0,0,0,0,0,0,0,0,0,0,0,0,0,0,0,0,0,0,0,0,0,0,0,0,0,0,0,0,0,0,0,24000,135000000,3.7,3.6,High Activity
2023-07,2023,Q3,JoMoPay,2000000,2180000,263000000,1670000,260000,1050000,880000,655000,789000,321000,0,0,2360000,6956,0,0,68900,1895000,118000,94100,3400000,219600000,23600000,16200000,780000,670000,66700000,54500000,0,0,0,0,0,0,0,0,0,0,0,0,0,0,0,0,0,Low Activity
2023-07,2023,Q3,eFAWATEERcom,3900000,4780000,1067000000,0,0,0,0,0,0,0,0,0,0,0,3860000,34000,0,0,0,0,0,0,0,0,0,0,0,0,480,1566,960000,3820000,175900000,890900000,0,0,0,0,0,0,0,0,0,0,0,Normal Activity
2023-08,2023,Q3,ACH,0,926000,742000000,0,0,0,0,0,0,0,0,0,0,0,0,0,0,0,0,0,0,0,0,0,0,0,0,0,0,0,0,0,0,0,920000,5307,36000000,326,3100000,53,490000,0,0,0,0,Normal Activity
2023-08,2023,Q3,CliQ,970000,3000000,524000000,861500,45900,539000,344000,340000,361000,124000,959000,12000,0,0,0,0,335700,2600000,0,0,84000000,439000000,0,0,510000,1550000,70000000,314000000,0,0,0,0,0,0,0,0,0,0,0,0,0,0,0,0,0,Low Activity
2023-08,2023,Q3,ECCU,0,603000,3680000000,0,0,0,0,0,0,0,0,0,0,0,0,0,0,0,0,0,0,0,0,0,0,0,0,0,0,0,0,0,0,0,0,0,0,0,0,0,0,17700,100000000,2.9,2.72,High Activity
2023-08,2023,Q3,JoMoPay,2040000,2580000,309000000,1700000,260000,1060000,910000,670000,807000,329000,0,0,2420000,7037,0,0,54600,2300000,144000,95600,2900000,262200000,27300000,16300000,960000,790000,84900000,66000000,0,0,0,0,0,0,0,0,0,0,0,0,0,0,0,0,0,Normal Activity
2023-08,2023,Q3,eFAWATEERcom,3900000,4830000,985000000,0,0,0,0,0,0,0,0,0,0,0,3890000,41000,0,0,0,0,0,0,0,0,0,0,0,0,484,1586,1050000,3790000,167600000,817500000,0,0,0,0,0,0,0,0,0,0,0,Normal Activity
2023-09,2023,Q3,ACH,0,742000,618000000,0,0,0,0,0,0,0,0,0,0,0,0,0,0,0,0,0,0,0,0,0,0,0,0,0,0,0,0,0,0,0,737000,4419,28000000,260,2500000,34,350000,0,0,0,0,Low Activity
2023-09,2023,Q3,CliQ,1010000,3040000,515000000,899400,48400,558000,362000,357000,375000,129000,999000,13000,0,0,0,0,339700,2700000,0,0,81900000,432900000,0,0,520000,1580000,70000000,306000000,0,0,0,0,0,0,0,0,0,0,0,0,0,0,0,0,0,Low Activity
2023-09,2023,Q3,ECCU,0,474000,3190000000,0,0,0,0,0,0,0,0,0,0,0,0,0,0,0,0,0,0,0,0,0,0,0,0,0,0,0,0,0,0,0,0,0,0,0,0,0,0,13700,85000000,2.9,2.66,Normal Activity
2023-09,2023,Q3,JoMoPay,2090000,2630000,302000000,1740000,270000,1070000,930000,636000,821000,334000,0,0,2480000,6999,0,0,107000,2300000,152600,101800,3300000,252500000,27300000,18500000,970000,800000,78400000,65700000,0,0,0,0,0,0,0,0,0,0,0,0,0,0,0,0,0,Low Activity
2023-09,2023,Q3,eFAWATEERcom,3930000,4290000,920000000,0,0,0,0,0,0,0,0,0,0,0,3930000,36000,0,0,0,0,0,0,0,0,0,0,0,0,488,1611,920000,3370000,166600000,752900000,0,0,0,0,0,0,0,0,0,0,0,Low Activity
2023-10,2023,Q4,ACH,0,1040000,794000000,0,0,0,0,0,0,0,0,0,0,0,0,0,0,0,0,0,0,0,0,0,0,0,0,0,0,0,0,0,0,0,1033000,5414,35000000,318,3200000,43,390000,0,0,0,0,Normal Activity
2023-10,2023,Q4,CliQ,1080000,3460000,579000000,1040000,33400,691000,364000,429000,471000,164000,1000000,14000,0,0,0,0,387500,3100000,0,0,93500000,485400000,0,0,580000,1820000,78000000,343000000,0,0,0,0,0,0,0,0,0,0,0,0,0,0,0,0,0,Normal Activity
2023-10,2023,Q4,ECCU,0,688000,3770000000,0,0,0,0,0,0,0,0,0,0,0,0,0,0,0,0,0,0,0,0,0,0,0,0,0,0,0,0,0,0,0,0,0,0,0,0,0,0,22800,147000000,3.3,3.9,High Activity
2023-10,2023,Q4,JoMoPay,2130000,2780000,323000000,1890000,246000,1100000,1000000,764000,967000,396000,0,0,2130000,6218,0,0,113000,2400000,150800,102600,3700000,271500000,27900000,20200000,920000,860000,79500000,69900000,0,0,0,0,0,0,0,0,0,0,0,0,0,0,0,0,0,Normal Activity
2023-10,2023,Q4,eFAWATEERcom,3970000,5230000,1079000000,0,0,0,0,0,0,0,0,0,0,0,3930000,42000,0,0,0,0,0,0,0,0,0,0,0,0,494,1631,1100000,4120000,196500000,882800000,0,0,0,0,0,0,0,0,0,0,0,Normal Activity
2023-11,2023,Q4,ACH,0,894000,695000000,0,0,0,0,0,0,0,0,0,0,0,0,0,0,0,0,0,0,0,0,0,0,0,0,0,0,0,0,0,0,0,889000,4704,32000000,303,2500000,28,150000,0,0,0,0,Low Activity
2023-11,2023,Q4,CliQ,1130000,3590000,563000000,1090000,35600,723000,385000,453000,490000,172000,1100000,14900,0,0,0,0,414300,3200000,0,0,92300000,470800000,0,0,620000,1840000,78000000,329000000,0,0,0,0,0,0,0,0,0,0,0,0,0,0,0,0,0,Normal Activity
2023-11,2023,Q4,ECCU,0,567000,3200000000,0,0,0,0,0,0,0,0,0,0,0,0,0,0,0,0,0,0,0,0,0,0,0,0,0,0,0,0,0,0,0,0,0,0,0,0,0,0,18300,130000000,3.2,4.06,Normal Activity
2023-11,2023,Q4,JoMoPay,2130000,2760000,305000000,1880000,251000,1100000,1000000,769000,965000,390000,0,0,2120000,6265,0,0,114800,2400000,141000,100000,3950000,258210000,24960000,18260000,930000,830000,73100000,63600000,0,0,0,0,0,0,0,0,0,0,0,0,0,0,0,0,0,Low Activity
2023-11,2023,Q4,eFAWATEERcom,4000000,4570000,864000000,0,0,0,0,0,0,0,0,0,0,0,3970000,32000,0,0,0,0,0,0,0,0,0,0,0,0,502,1671,900000,3670000,141200000,723200000,0,0,0,0,0,0,0,0,0,0,0,Low Activity
2023-12,2023,Q4,ACH,0,920000,732000000,0,0,0,0,0,0,0,0,0,0,0,0,0,0,0,0,0,0,0,0,0,0,0,0,0,0,0,0,0,0,0,915000,5088,34000000,336,3200000,31,220000,0,0,0,0,Normal Activity
2023-12,2023,Q4,CliQ,1180000,4060000,634000000,1140000,37500,752000,405000,473000,512000,182000,1170000,16220,0,0,0,0,473400,3590000,0,0,101700000,532100000,0,0,700000,2080000,88000000,375000000,0,0,0,0,0,0,0,0,0,0,0,0,0,0,0,0,0,Normal Activity
2023-12,2023,Q4,ECCU,0,577000,4440000000,0,0,0,0,0,0,0,0,0,0,0,0,0,0,0,0,0,0,0,0,0,0,0,0,0,0,0,0,0,0,0,0,0,0,0,0,0,0,21800,164000000,3.8,3.69,High Activity
2023-12,2023,Q4,JoMoPay,2160000,3080000,333000000,1910000,255000,1130000,1020000,781000,977000,397000,0,0,2150000,6337,0,0,124900,2700000,150700,100000,4400000,284400000,25900000,18700000,990000,960000,77400000,72200000,0,0,0,0,0,0,0,0,0,0,0,0,0,0,0,0,0,Normal Activity
2023-12,2023,Q4,eFAWATEERcom,4100000,5030000,937000000,0,0,0,0,0,0,0,0,0,0,0,4000000,91600,0,0,0,0,0,0,0,0,0,0,0,0,496,1718,980000,4050000,156600000,780300000,0,0,0,0,0,0,0,0,0,0,0,Low Activity
2024-01,2024,Q1,ACH,0,915000,710000000,0,0,0,0,0,0,0,0,0,0,0,0,0,0,0,0,0,0,0,0,0,0,0,0,0,0,0,0,0,0,0,909000,5714,33700000,289,2500000,36,270000,0,0,0,0,Low Activity
2024-01,2024,Q1,CliQ,1240000,4490000,694000000,1200000,39700,785000,426000,493000,535000,191000,1220000,17420,0,0,0,0,520300,3970000,0,0,107600000,586600000,0,0,760000,2240000,98300000,407800000,0,0,0,0,0,0,0,0,0,0,0,0,0,0,0,0,0,Normal Activity
2024-01,2024,Q1,ECCU,0,537000,3350000000,0,0,0,0,0,0,0,0,0,0,0,0,0,0,0,0,0,0,0,0,0,0,0,0,0,0,0,0,0,0,0,0,0,0,0,0,0,0,18700,143000000,3.5,4.27,Normal Activity
2024-01,2024,Q1,JoMoPay,2190000,3500000,360000000,1930000,258000,1150000,1030000,792000,989000,402000,0,0,2180000,6386,0,0,158400,3100000,163900,114100,8800000,302800000,27000000,21400000,1210000,1050000,87100000,75900000,0,0,0,0,0,0,0,0,0,0,0,0,0,0,0,0,0,Normal Activity
2024-01,2024,Q1,eFAWATEERcom,4150000,5260000,1147000000,0,0,0,0,0,0,0,0,0,0,0,4090000,49000,0,0,0,0,0,0,0,0,0,0,0,0,505,1743,1040000,4220000,194300000,952900000,0,0,0,0,0,0,0,0,0,0,0,Normal Activity
2024-02,2024,Q1,ACH,0,899000,702000000,0,0,0,0,0,0,0,0,0,0,0,0,0,0,0,0,0,0,0,0,0,0,0,0,0,0,0,0,0,0,0,893000,5194,33400000,283,2700000,27,250000,0,0,0,0,Low Activity
2024-02,2024,Q1,CliQ,1280000,4730000,714000000,1240000,41400,811000,443000,512000,553000,198000,1260000,18520,0,0,0,0,557800,4170000,0,0,111100000,602600000,0,0,800000,2350000,100900000,414200000,0,0,0,0,0,0,0,0,0,0,0,0,0,0,0,0,0,Normal Activity
2024-02,2024,Q1,ECCU,0,523000,3250000000,0,0,0,0,0,0,0,0,0,0,0,0,0,0,0,0,0,0,0,0,0,0,0,0,0,0,0,0,0,0,0,0,0,0,0,0,0,0,18000,125000000,3.4,3.85,Normal Activity
2024-02,2024,Q1,JoMoPay,2220000,3460000,364000000,1960000,261000,1160000,1050000,807000,1001000,406000,0,0,2210000,6408,0,0,151400,3100000,147800,109800,9900000,307100000,24900000,22000000,1180000,1030000,88200000,75600000,0,0,0,0,0,0,0,0,0,0,0,0,0,0,0,0,0,Normal Activity
2024-02,2024,Q1,eFAWATEERcom,4190000,5160000,1016000000,0,0,0,0,0,0,0,0,0,0,0,4140000,42000,0,0,0,0,0,0,0,0,0,0,0,0,528,1757,1060000,4100000,184600000,831700000,0,0,0,0,0,0,0,0,0,0,0,Normal Activity
2024-03,2024,Q1,ACH,0,908000,737000000,0,0,0,0,0,0,0,0,0,0,0,0,0,0,0,0,0,0,0,0,0,0,0,0,0,0,0,0,0,0,0,902000,5223,33600000,279,2700000,29,230000,0,0,0,0,Normal Activity
2024-03,2024,Q1,CliQ,1330000,5290000,808000000,1290000,43500,841000,461000,524000,577000,211000,1310000,19700,0,0,0,0,638100,4600000,0,0,125500000,682800000,0,0,900000,2600000,116100000,466600000,0,0,0,0,0,0,0,0,0,0,0,0,0,0,0,0,0,Normal Activity
2024-03,2024,Q1,ECCU,0,514000,3060000000,0,0,0,0,0,0,0,0,0,0,0,0,0,0,0,0,0,0,0,0,0,0,0,0,0,0,0,0,0,0,0,0,0,0,0,0,0,0,18100,131000000,3.5,4.28,Low Activity
2024-03,2024,Q1,JoMoPay,2250000,3900000,400000000,1990000,264000,1170000,1070000,811000,1017000,416000,0,0,2240000,6449,0,0,175500,3400000,152900,113900,10900000,338000000,26400000,24700000,1320000,1140000,96400000,83200000,0,0,0,0,0,0,0,0,0,0,0,0,0,0,0,0,0,Normal Activity
2024-03,2024,Q1,eFAWATEERcom,4220000,5140000,971000000,0,0,0,0,0,0,0,0,0,0,0,4190000,33000,0,0,0,0,0,0,0,0,0,0,0,0,534,1780,960500,4170000,155700000,815200000,0,0,0,0,0,0,0,0,0,0,0,Low Activity
2024-04,2024,Q2,ACH,0,975000,755000000,0,0,0,0,0,0,0,0,0,0,0,0,0,0,0,0,0,0,0,0,0,0,0,0,0,0,0,0,0,0,0,969000,5724,34300000,261,2600000,34,310000,0,0,0,0,Normal Activity
2024-04,2024,Q2,CliQ,1370000,5630000,849000000,1330000,45300,866000,476000,537000,597000,220000,1350000,20600,0,0,0,0,701200,4930000,0,0,138800000,710500000,0,0,940000,2730000,120200000,483800000,0,0,0,0,0,0,0,0,0,0,0,0,0,0,0,0,0,Normal Activity
2024-04,2024,Q2,ECCU,0,525000,3360000000,0,0,0,0,0,0,0,0,0,0,0,0,0,0,0,0,0,0,0,0,0,0,0,0,0,0,0,0,0,0,0,0,0,0,0,0,0,0,18700,130000000,3.6,3.87,Normal Activity
2024-04,2024,Q2,JoMoPay,2280000,4220000,431000000,2010000,266000,1180000,1080000,818000,1029000,421000,0,0,2260000,6499,0,0,179500,3800000,160100,108600,12100000,366000000,28500000,24300000,1470000,1280000,103800000,92300000,0,0,0,0,0,0,0,0,0,0,0,0,0,0,0,0,0,Normal Activity
2024-04,2024,Q2,eFAWATEERcom,4260000,5020000,1196000000,0,0,0,0,0,0,0,0,0,0,0,4230000,31000,0,0,0,0,0,0,0,0,0,0,0,0,536,1810,923300,4090000,158400000,1040000000,0,0,0,0,0,0,0,0,0,0,0,Normal Activity
2024-05,2024,Q2,ACH,0,975000,752000000,0,0,0,0,0,0,0,0,0,0,0,0,0,0,0,0,0,0,0,0,0,0,0,0,0,0,0,0,0,0,0,969000,5138,35800000,308,2700000,44,400000,0,0,0,0,Normal Activity
2024-05,2024,Q2,CliQ,1390000,6320000,923000000,1350000,47100,876000,483000,547000,604000,221000,1370000,21800,0,0,0,0,826700,5500000,0,0,158200000,764700000,0,0,1040000,3040000,129700000,518000000,0,0,0,0,0,0,0,0,0,0,0,0,0,0,0,0,0,Normal Activity
2024-05,2024,Q2,ECCU,0,522000,3360000000,0,0,0,0,0,0,0,0,0,0,0,0,0,0,0,0,0,0,0,0,0,0,0,0,0,0,0,0,0,0,0,0,0,0,0,0,0,0,17100,116000000,3.3,3.45,Normal Activity
2024-05,2024,Q2,JoMoPay,2280000,4660000,455000000,2010000,268000,1180000,1090000,819000,1033000,423000,0,0,2270000,6448,0,0,185800,4200000,175800,120300,11900000,390800000,30900000,21600000,1600000,1400000,110800000,97500000,0,0,0,0,0,0,0,0,0,0,0,0,0,0,0,0,0,Normal Activity
2024-05,2024,Q2,eFAWATEERcom,4280000,5330000,1006000000,0,0,0,0,0,0,0,0,0,0,0,4250000,34000,0,0,0,0,0,0,0,0,0,0,0,0,547,1821,1050000,4280000,151800000,854700000,0,0,0,0,0,0,0,0,0,0,0,Normal Activity
2024-06,2024,Q2,ACH,0,890000,697000000,0,0,0,0,0,0,0,0,0,0,0,0,0,0,0,0,0,0,0,0,0,0,0,0,0,0,0,0,0,0,0,885000,4670,31400000,246,2300000,31,230000,0,0,0,0,Low Activity
2024-06,2024,Q2,CliQ,1430000,6430000,963000000,1380000,48600,898100,496200,560000,619000,228000,1410000,22700,0,0,0,0,846100,5600000,0,0,167000000,796100000,0,0,1060000,3080000,136300000,542000000,0,0,0,0,0,0,0,0,0,0,0,0,0,0,0,0,0,Normal Activity
2024-06,2024,Q2,ECCU,0,519000,2900000000,0,0,0,0,0,0,0,0,0,0,0,0,0,0,0,0,0,0,0,0,0,0,0,0,0,0,0,0,0,0,0,0,0,0,0,0,0,0,19500,117000000,3.8,4.03,Low Activity
2024-06,2024,Q2,JoMoPay,2290000,4500000,426000000,2020000,268000,1180000,1090000,819000,1034000,424000,0,0,2230000,6443,0,0,189900,4040000,158600,110300,13300000,366500000,27700000,18700000,1500000,1400000,91600000,89600000,0,0,0,0,0,0,0,0,0,0,0,0,0,0,0,0,0,Normal Activity
2024-06,2024,Q2,eFAWATEERcom,4310000,5140000,919000000,0,0,0,0,0,0,0,0,0,0,0,4280000,30000,0,0,0,0,0,0,0,0,0,0,0,0,551,1844,930000,4210000,134500000,784400000,0,0,0,0,0,0,0,0,0,0,0,Low Activity
2024-07,2024,Q3,ACH,0,1010000,842000000,0,0,0,0,0,0,0,0,0,0,0,0,0,0,0,0,0,0,0,0,0,0,0,0,0,0,0,0,0,0,0,1003000,6208,43100000,318,3300000,34,270000,0,0,0,0,Normal Activity
2024-07,2024,Q3,CliQ,1470000,7420000,1120000000,1420000,50700,920900,509800,568000,638000,237000,1440000,24100,0,0,0,0,1030000,6390000,0,0,204700000,915400000,0,0,1210000,3520000,157700000,624700000,0,0,0,0,0,0,0,0,0,0,0,0,0,0,0,0,0,Normal Activity
2024-07,2024,Q3,ECCU,0,569000,3650000000,0,0,0,0,0,0,0,0,0,0,0,0,0,0,0,0,0,0,0,0,0,0,0,0,0,0,0,0,0,0,0,0,0,0,0,0,0,0,19200,142000000,3.4,3.89,High Activity
2024-07,2024,Q3,JoMoPay,2300000,5130000,476000000,2030000,271000,1180000,1110000,815000,1044000,435000,0,0,2220000,6480,0,0,213000,4620000,171600,121100,15500000,409200000,30300000,21300000,1700000,1500000,103900000,97500000,0,0,0,0,0,0,0,0,0,0,0,0,0,0,0,0,0,Normal Activity
2024-07,2024,Q3,eFAWATEERcom,4350000,5910000,1241000000,0,0,0,0,0,0,0,0,0,0,0,4310000,36000,0,0,0,0,0,0,0,0,0,0,0,0,553,1870,1230000,4680000,233100000,1010000000,0,0,0,0,0,0,0,0,0,0,0,Normal Activity
2024-08,2024,Q3,ACH,0,924000,764000000,0,0,0,0,0,0,0,0,0,0,0,0,0,0,0,0,0,0,0,0,0,0,0,0,0,0,0,0,0,0,0,918000,5318,41100000,279,3000000,42,310000,0,0,0,0,Normal Activity
2024-08,2024,Q3,CliQ,1520000,7900000,1200000000,1460000,52900,950600,527500,584000,660000,248000,1490000,25300,0,0,0,0,1100000,6800000,0,0,213400000,942300000,0,0,1290000,3730000,162900000,644100000,0,0,0,0,0,0,0,0,0,0,0,0,0,0,0,0,0,Normal Activity
2024-08,2024,Q3,ECCU,0,474000,3240000000,0,0,0,0,0,0,0,0,0,0,0,0,0,0,0,0,0,0,0,0,0,0,0,0,0,0,0,0,0,0,0,0,0,0,0,0,0,0,13800,117000000,2.9,3.61,Normal Activity
2024-08,2024,Q3,JoMoPay,2290000,5020000,461000000,2020000,273000,1160000,1120000,815000,1041000,427000,0,0,2200000,6534,0,0,192300,4540000,172900,106600,16100000,396200000,30200000,18900000,1600000,1500000,98500000,91400000,0,0,0,0,0,0,0,0,0,0,0,0,0,0,0,0,0,Normal Activity
2024-08,2024,Q3,eFAWATEERcom,4390000,5610000,1070000000,0,0,0,0,0,0,0,0,0,0,0,4350000,41000,0,0,0,0,0,0,0,0,0,0,0,0,596,1902,1200000,4410000,244000000,823000000,0,0,0,0,0,0,0,0,0,0,0,Normal Activity
2024-09,2024,Q3,ACH,0,884000,753000000,0,0,0,0,0,0,0,0,0,0,0,0,0,0,0,0,0,0,0,0,0,0,0,0,0,0,0,0,0,0,0,878000,5530,37000000,304,3000000,40,250000,0,0,0,0,Normal Activity
2024-09,2024,Q3,CliQ,1560000,7890000,1140000000,1500000,55000,973400,541300,597000,676000,256000,1530000,26500,0,0,0,0,1090000,6800000,0,0,208200000,936100000,0,0,1280000,3710000,162900000,640400000,0,0,0,0,0,0,0,0,0,0,0,0,0,0,0,0,0,Normal Activity
2024-09,2024,Q3,ECCU,0,624000,3530000000,0,0,0,0,0,0,0,0,0,0,0,0,0,0,0,0,0,0,0,0,0,0,0,0,0,0,0,0,0,0,0,0,0,0,0,0,0,0,20900,130000000,3.4,3.69,Normal Activity
2024-09,2024,Q3,JoMoPay,2330000,5040000,447000000,2050000,278000,1180000,1140000,829000,1059000,435000,0,0,2240000,6594,0,0,177900,4580000,172300,111800,14800000,382800000,29300000,19600000,1600000,1500000,91200000,89600000,0,0,0,0,0,0,0,0,0,0,0,0,0,0,0,0,0,Normal Activity
2024-09,2024,Q3,eFAWATEERcom,4430000,5910000,1210000000,0,0,0,0,0,0,0,0,0,0,0,4390000,38800,0,0,0,0,0,0,0,0,0,0,0,0,562,1925,1230000,4680000,231400000,976300000,0,0,0,0,0,0,0,0,0,0,0,Normal Activity
2024-10,2024,Q4,ACH,0,1060000,831000000,0,0,0,0,0,0,0,0,0,0,0,0,0,0,0,0,0,0,0,0,0,0,0,0,0,0,0,0,0,0,0,1060000,6564,42100000,320,3070000,50,380000,0,0,0,0,Normal Activity
2024-10,2024,Q4,CliQ,1600000,8860000,1220000000,1540000,57000,997400,556500,611000,694000,264000,1570000,28000,0,0,0,0,1240000,7620000,0,0,227200000,992600000,0,0,1440000,4170000,172600000,680800000,0,0,0,0,0,0,0,0,0,0,0,0,0,0,0,0,0,Normal Activity
2024-10,2024,Q4,ECCU,0,583000,3610000000,0,0,0,0,0,0,0,0,0,0,0,0,0,0,0,0,0,0,0,0,0,0,0,0,0,0,0,0,0,0,0,0,0,0,0,0,0,0,18700,123000000,3.2,3.42,Normal Activity
2024-10,2024,Q4,JoMoPay,2370000,5590000,467000000,2090000,282000,1190000,1170000,843000,1075000,443000,0,0,2280000,6704,0,0,187700,5080000,198100,126100,15300000,399700000,32000000,20300000,1710000,1650000,88400000,92300000,0,0,0,0,0,0,0,0,0,0,0,0,0,0,0,0,0,Normal Activity
2024-10,2024,Q4,eFAWATEERcom,4470000,6010000,1110000000,0,0,0,0,0,0,0,0,0,0,0,4430000,40600,0,0,0,0,0,0,0,0,0,0,0,0,568,1946,1270000,4740000,230600000,878500000,0,0,0,0,0,0,0,0,0,0,0,Normal Activity
2024-11,2024,Q4,ACH,0,893000,715000000,0,0,0,0,0,0,0,0,0,0,0,0,0,0,0,0,0,0,0,0,0,0,0,0,0,0,0,0,0,0,0,888000,5179,33700000,285,2300000,30,270000,0,0,0,0,Low Activity
2024-11,2024,Q4,CliQ,1630000,8990000,1180000000,1570000,59000,1020000,570000,621000,710000,271000,1600000,29000,0,0,0,0,1260000,7720000,0,0,220900000,954200000,0,0,1460000,4190000,167300000,651100000,0,0,0,0,0,0,0,0,0,0,0,0,0,0,0,0,0,Normal Activity
2024-11,2024,Q4,ECCU,0,451000,3050000000,0,0,0,0,0,0,0,0,0,0,0,0,0,0,0,0,0,0,0,0,0,0,0,0,0,0,0,0,0,0,0,0,0,0,0,0,0,0,13000,82200000,2.9,2.7,Low Activity
2024-11,2024,Q4,JoMoPay,2400000,5560000,444000000,2120000,285000,1200000,1190000,855000,1091000,449000,0,0,2320000,6362,0,0,191900,5090000,169300,115400,14200000,385200000,27100000,17700000,1810000,1590000,86800000,85800000,0,0,0,0,0,0,0,0,0,0,0,0,0,0,0,0,0,Normal Activity
2024-11,2024,Q4,eFAWATEERcom,4500000,5160000,972000000,0,0,0,0,0,0,0,0,0,0,0,4470000,34400,0,0,0,0,0,0,0,0,0,0,0,0,577,1973,1030000,4130000,185000000,787400000,0,0,0,0,0,0,0,0,0,0,0,Low Activity
2024-12,2024,Q4,ACH,0,1030000,870000000,0,0,0,0,0,0,0,0,0,0,0,0,0,0,0,0,0,0,0,0,0,0,0,0,0,0,0,0,0,0,0,1020000,5800,41500000,336,2790000,33,250000,0,0,0,0,High Activity
2024-12,2024,Q4,CliQ,1670000,10000000,1330000000,1610000,61000,1040000,580000,632000,727000,279000,1640000,30400,0,0,0,0,1430000,8570000,0,0,253700000,1080000000,0,0,1620000,4650000,190500000,743000000,0,0,0,0,0,0,0,0,0,0,0,0,0,0,0,0,0,Normal Activity
2024-12,2024,Q4,ECCU,0,670000,3960000000,0,0,0,0,0,0,0,0,0,0,0,0,0,0,0,0,0,0,0,0,0,0,0,0,0,0,0,0,0,0,0,0,0,0,0,0,0,0,23800,162000000,3.6,4.1,High Activity
2024-12,2024,Q4,JoMoPay,2590000,6250000,493000000,2290000,300400,1310000,1260000,918000,1170000,491000,0,0,2510000,5648,0,0,217200,5730000,183600,125700,15500000,429900000,29300000,18800000,2090000,1750000,104800000,93800000,0,0,0,0,0,0,0,0,0,0,0,0,0,0,0,0,0,Normal Activity
2024-12,2024,Q4,eFAWATEERcom,4540000,6430000,1340000000,0,0,0,0,0,0,0,0,0,0,0,4500000,38100,0,0,0,0,0,0,0,0,0,0,0,0,589,2018,1280000,5150000,239200000,1100000000,0,0,0,0,0,0,0,0,0,0,0,High Activity
2025-01,2025,Q1,ACH,0,942000,767200000,0,0,0,0,0,0,0,0,0,0,0,0,0,0,0,0,0,0,0,0,0,0,0,0,0,0,0,0,0,0,0,935600,5986,38300000,372,2960000,35,320000,0,0,0,0,Normal Activity
2025-01,2025,Q1,CliQ,1710000,10320000,1330000000,1640000,63000,1060000,600000,643000,745000,287000,1680000,31600,0,0,0,0,1500000,8820000,0,0,259000000,1080000000,0,0,1670000,4720000,189400000,736600000,0,0,0,0,0,0,0,0,0,0,0,0,0,0,0,0,0,Normal Activity
2025-01,2025,Q1,ECCU,0,477200,3370000000,0,0,0,0,0,0,0,0,0,0,0,0,0,0,0,0,0,0,0,0,0,0,0,0,0,0,0,0,0,0,0,0,0,0,0,0,0,0,15300,91000000,3.2,2.69,Normal Activity
2025-01,2025,Q1,JoMoPay,2550000,6410000,468600000,2240000,303900,1260000,1280000,920000,1146000,471000,0,0,2460000,5334,0,0,190800,5930000,172900,117400,5180000,418190000,27200000,18080000,2170000,1800000,101300000,90400000,0,0,0,0,0,0,0,0,0,0,0,0,0,0,0,0,0,Normal Activity
2025-01,2025,Q1,eFAWATEERcom,4580000,5890000,1350000000,0,0,0,0,0,0,0,0,0,0,0,4540000,37100,0,0,0,0,0,0,0,0,0,0,0,0,591,2044,1180000,4710000,255600000,1100000000,0,0,0,0,0,0,0,0,0,0,0,High Activity
2025-02,2025,Q1,ACH,0,988000,783000000,0,0,0,0,0,0,0,0,0,0,0,0,0,0,0,0,0,0,0,0,0,0,0,0,0,0,0,0,0,0,0,982000,5710,37700000,304,2660000,37,410000,0,0,0,0,Normal Activity
2025-02,2025,Q1,CliQ,1740000,9900000,1280000000,1680000,65000,1080000,610000,654000,761000,294000,1710000,32800,0,0,0,0,1450000,8450000,0,0,248700000,1030000000,0,0,1600000,4510000,181700000,700800000,0,0,0,0,0,0,0,0,0,0,0,0,0,0,0,0,0,Normal Activity
2025-02,2025,Q1,ECCU,0,464000,3200000000,0,0,0,0,0,0,0,0,0,0,0,0,0,0,0,0,0,0,0,0,0,0,0,0,0,0,0,0,0,0,0,0,0,0,0,0,0,0,14400,82000000,3.1,2.57,Normal Activity
2025-02,2025,Q1,JoMoPay,2580000,5890000,431000000,2270000,307100,1270000,1300000,930000,1160000,478000,0,0,2490000,5376,0,0,176900,5500000,147700,107400,4760000,385200000,23700000,17300000,2000000,1610000,93430000,80050000,0,0,0,0,0,0,0,0,0,0,0,0,0,0,0,0,0,Normal Activity
2025-02,2025,Q1,eFAWATEERcom,4620000,5700000,1190000000,0,0,0,0,0,0,0,0,0,0,0,4580000,37900,0,0,0,0,0,0,0,0,0,0,0,0,599,2078,1160000,4540000,279700000,910400000,0,0,0,0,0,0,0,0,0,0,0,Normal Activity
2025-03,2025,Q1,ACH,0,1060000,865000000,0,0,0,0,0,0,0,0,0,0,0,0,0,0,0,0,0,0,0,0,0,0,0,0,0,0,0,0,0,0,0,1060000,5222,37000000,327,3270000,35,380000,0,0,0,0,High Activity
2025-03,2025,Q1,CliQ,1780000,12110000,1560000000,1710000,67000,1110000,620000,664000,778000,303000,1740000,34000,0,0,0,0,1750000,10360000,0,0,300140000,1260000000,0,0,1930000,5510000,223900000,856400000,0,0,0,0,0,0,0,0,0,0,0,0,0,0,0,0,0,Normal Activity
2025-03,2025,Q1,ECCU,0,491000,3100000000,0,0,0,0,0,0,0,0,0,0,0,0,0,0,0,0,0,0,0,0,0,0,0,0,0,0,0,0,0,0,0,0,0,0,0,0,0,0,16400,83900000,3.3,2.7,Low Activity
2025-03,2025,Q1,JoMoPay,2600000,7290000,538000000,2290000,310100,1300000,1300000,939000,1172000,485000,0,0,2590000,5429,0,0,230800,6760000,186400,115100,6400000,483500000,28600000,19000000,2500000,2040000,119600000,103400000,0,0,0,0,0,0,0,0,0,0,0,0,0,0,0,0,0,Normal Activity
2025-03,2025,Q1,eFAWATEERcom,4650000,5500000,1130000000,0,0,0,0,0,0,0,0,0,0,0,4620000,35500,0,0,0,0,0,0,0,0,0,0,0,0,605,2090,969700,4530000,236200000,898200000,0,0,0,0,0,0,0,0,0,0,0,Normal Activity
2025-04,2025,Q2,ACH,0,940000,782000000,0,0,0,0,0,0,0,0,0,0,0,0,0,0,0,0,0,0,0,0,0,0,0,0,0,0,0,0,0,0,0,930000,6156,38900000,292,2620000,24,160000,0,0,0,0,Normal Activity
2025-04,2025,Q2,CliQ,1810000,11520000,1480000000,1750000,68300,1130000,640000,675000,792000,311000,1780000,35000,0,0,0,0,1740000,9780000,0,0,312800000,1170000000,0,0,1840000,5160000,207800000,802800000,0,0,0,0,0,0,0,0,0,0,0,0,0,0,0,0,0,Normal Activity
2025-04,2025,Q2,ECCU,0,588000,3480000000,0,0,0,0,0,0,0,0,0,0,0,0,0,0,0,0,0,0,0,0,0,0,0,0,0,0,0,0,0,0,0,0,0,0,0,0,0,0,21700,119000000,3.7,3.42,Normal Activity
2025-04,2025,Q2,JoMoPay,2630000,6990000,469000000,2320000,313000,1320000,1300000,917000,1186000,496000,0,0,2630000,5505,0,0,243100,6480000,152400,116000,6200000,422000000,23000000,17800000,2460000,1870000,102000000,84700000,0,0,0,0,0,0,0,0,0,0,0,0,0,0,0,0,0,Normal Activity
2025-04,2025,Q2,eFAWATEERcom,4680000,6540000,1570000000,0,0,0,0,0,0,0,0,0,0,0,4650000,34200,0,0,0,0,0,0,0,0,0,0,0,0,611,2104,1160000,5380000,282800000,1280000000,0,0,0,0,0,0,0,0,0,0,0,High Activity
2025-05,2025,Q2,ACH,0,980000,792000000,0,0,0,0,0,0,0,0,0,0,0,0,0,0,0,0,0,0,0,0,0,0,0,0,0,0,0,0,0,0,0,970000,6153,39000000,305,2840000,33,410000,0,0,0,0,Normal Activity
2025-05,2025,Q2,CliQ,1850000,13730000,1640000000,1780000,70100,1150000,650000,684000,809000,317000,1810000,36000,0,0,0,0,2080000,11650000,0,0,341600000,1290000000,0,0,2180000,6110000,232800000,870600000,0,0,0,0,0,0,0,0,0,0,0,0,0,0,0,0,0,Normal Activity
2025-05,2025,Q2,ECCU,0,443000,3090000000,0,0,0,0,0,0,0,0,0,0,0,0,0,0,0,0,0,0,0,0,0,0,0,0,0,0,0,0,0,0,0,0,0,0,0,0,0,0,13900,93000000,3.1,3,Low Activity
2025-05,2025,Q2,JoMoPay,2660000,8210000,543000000,2350000,317000,1350000,1300000,954000,1202000,500000,0,0,2580000,5595,0,0,300900,7610000,180600,124100,10000000,487400000,26300000,19400000,2830000,2220000,116600000,101300000,0,0,0,0,0,0,0,0,0,0,0,0,0,0,0,0,0,Normal Activity
2025-05,2025,Q2,eFAWATEERcom,4730000,5760000,1130000000,0,0,0,0,0,0,0,0,0,0,0,4680000,40200,0,0,0,0,0,0,0,0,0,0,0,0,620,2138,1030000,4730000,240100000,891200000,0,0,0,0,0,0,0,0,0,0,0,Normal Activity
2025-06,2025,Q2,ACH,0,971000,780000000,0,0,0,0,0,0,0,0,0,0,0,0,0,0,0,0,0,0,0,0,0,0,0,0,0,0,0,0,0,0,0,966000,4927,32600000,247,2460000,29,360000,0,0,0,0,Normal Activity
2025-06,2025,Q2,CliQ,1880000,13090000,1600000000,1810000,71800,1160000,660000,694000,822000,327000,1840000,37600,0,0,0,0,1970000,11110000,0,0,339200000,1260000000,0,0,2070000,5790000,227200000,849100000,0,0,0,0,0,0,0,0,0,0,0,0,0,0,0,0,0,Normal Activity
2025-06,2025,Q2,ECCU,0,562000,3350000000,0,0,0,0,0,0,0,0,0,0,0,0,0,0,0,0,0,0,0,0,0,0,0,0,0,0,0,0,0,0,0,0,0,0,0,0,0,0,21300,113000000,3.8,3.38,Normal Activity
2025-06,2025,Q2,JoMoPay,2670000,7990000,525000000,2350000,319600,1360000,1290000,953000,1205000,501000,0,0,2610000,5696,0,0,461100,7200000,165000,116600,22100000,459100000,25100000,18500000,2800000,2070000,112030000,93940000,0,0,0,0,0,0,0,0,0,0,0,0,0,0,0,0,0,Normal Activity
2025-06,2025,Q2,eFAWATEERcom,4760000,6130000,1130000000,0,0,0,0,0,0,0,0,0,0,0,4730000,38700,0,0,0,0,0,0,0,0,0,0,0,0,630,2156,1020000,5110000,224100000,905500000,0,0,0,0,0,0,0,0,0,0,0,Normal Activity
2025-07,2025,Q3,ACH,0,1050000,903000000,0,0,0,0,0,0,0,0,0,0,0,0,0,0,0,0,0,0,0,0,0,0,0,0,0,0,0,0,0,0,0,1048000,6215,40300000,356,3350000,45,430000,0,0,0,0,High Activity
2025-07,2025,Q3,CliQ,1920000,15300000,1860000000,1850000,73900,1190000,680000,710000,838000,333000,1880000,39000,0,0,0,0,2700000,12600000,0,0,458400000,1400000000,0,0,2360000,6530000,257800000,939200000,0,0,0,0,0,0,0,0,0,0,0,0,0,0,0,0,0,High Activity
2025-07,2025,Q3,ECCU,0,551000,3680000000,0,0,0,0,0,0,0,0,0,0,0,0,0,0,0,0,0,0,0,0,0,0,0,0,0,0,0,0,0,0,0,0,0,0,0,0,0,0,17300,109000000,3.2,2.97,High Activity
2025-07,2025,Q3,JoMoPay,2630000,9150000,588000000,2310000,320000,1350000,1260000,953000,1184000,481000,0,0,2600000,5767,0,0,717300,8100000,180000,131100,37700000,501500000,28200000,20700000,3220000,2250000,125500000,97900000,0,0,0,0,0,0,0,0,0,0,0,0,0,0,0,0,0,High Activity
2025-07,2025,Q3,eFAWATEERcom,4810000,6580000,1400000000,0,0,0,0,0,0,0,0,0,0,0,4760000,43400,0,0,0,0,0,0,0,0,0,0,0,0,636,2193,1200000,5380000,294600000,1100000000,0,0,0,0,0,0,0,0,0,0,0,High Activity
2025-08,2025,Q3,ACH,0,1010000,849000000,0,0,0,0,0,0,0,0,0,0,0,0,0,0,0,0,0,0,0,0,0,0,0,0,0,0,0,0,0,0,0,1010000,5974,42400000,305,2860000,35,280000,0,0,0,0,Normal Activity
2025-08,2025,Q3,CliQ,1960000,15770000,1880000000,1880000,75800,1210000,690000,718000,857000,344000,1920000,40400,0,0,0,0,3260000,12510000,0,0,530800000,1350000000,0,0,2380000,6420000,253700000,901400000,0,0,0,0,0,0,0,0,0,0,0,0,0,0,0,0,0,High Activity
2025-08,2025,Q3,ECCU,0,525000,3440000000,0,0,0,0,0,0,0,0,0,0,0,0,0,0,0,0,0,0,0,0,0,0,0,0,0,0,0,0,0,0,0,0,0,0,0,0,0,0,15600,84000000,3,2.45,Normal Activity
2025-08,2025,Q3,JoMoPay,2660000,9450000,573000000,2340000,325000,1380000,1270000,958000,1202000,492000,0,0,2600000,5869,0,0,738500,8400000,177200,124400,36940000,490700000,26340000,19340000,3340000,2300000,122300000,95800000,0,0,0,0,0,0,0,0,0,0,0,0,0,0,0,0,0,High Activity
2025-08,2025,Q3,eFAWATEERcom,4850000,6640000,1280000000,0,0,0,0,0,0,0,0,0,0,0,4810000,46100,0,0,0,0,0,0,0,0,0,0,0,0,643,2212,1220000,5420000,268600000,1010000000,0,0,0,0,0,0,0,0,0,0,0,High Activity
2025-09,2025,Q3,ACH,0,1010000,858000000,0,0,0,0,0,0,0,0,0,0,0,0,0,0,0,0,0,0,0,0,0,0,0,0,0,0,0,0,0,0,0,1010000,5367,39800000,328,3120000,53,360000,0,0,0,0,Normal Activity
2025-09,2025,Q3,CliQ,2000000,15580000,1870000000,1930000,77980,1240000,710000,739000,870000,351000,1950000,55300,0,0,0,0,3280000,12300000,0,0,533100000,1330000000,0,0,2350000,6300000,250100000,891800000,0,0,0,0,0,0,0,0,0,0,0,0,0,0,0,0,0,High Activity
2025-09,2025,Q3,ECCU,0,539000,3440000000,0,0,0,0,0,0,0,0,0,0,0,0,0,0,0,0,0,0,0,0,0,0,0,0,0,0,0,0,0,0,0,0,0,0,0,0,0,0,16000,75000000,3,2.18,Normal Activity
2025-09,2025,Q3,JoMoPay,2700000,9500000,559000000,2370000,330000,1410000,1280000,977000,1216000,498000,0,0,2670000,5961,0,0,1030000,8270000,128300,73240,62300000,464890000,19380000,12170000,3310000,2270000,118550000,92170000,0,0,0,0,0,0,0,0,0,0,0,0,0,0,0,0,0,High Activity
2025-09,2025,Q3,eFAWATEERcom,4900000,6450000,1400000000,0,0,0,0,0,0,0,0,0,0,0,4850000,44600,0,0,0,0,0,0,0,0,0,0,0,0,652,2245,1210000,5240000,311400000,1090000000,0,0,0,0,0,0,0,0,0,0,0,High Activity
2025-10,2025,Q4,ACH,0,1050000,872000000,0,0,0,0,0,0,0,0,0,0,0,0,0,0,0,0,0,0,0,0,0,0,0,0,0,0,0,0,0,0,0,1040000,6250,40600000,332,2800000,42,390000,0,0,0,0,High Activity
2025-10,2025,Q4,CliQ,2060000,16590000,1860000000,1980000,80300,1260000,730000,757000,892000,363000,2010000,45600,0,0,0,0,3280000,13300000,0,0,506200000,1350000000,0,0,2500000,6800000,247400000,907200000,0,0,0,0,0,0,0,0,0,0,0,0,0,0,0,0,0,High Activity
2025-10,2025,Q4,ECCU,0,516000,3660000000,0,0,0,0,0,0,0,0,0,0,0,0,0,0,0,0,0,0,0,0,0,0,0,0,0,0,0,0,0,0,0,0,0,0,0,0,0,0,15100,80000000,2.9,2.18,High Activity
2025-10,2025,Q4,JoMoPay,2740000,10130000,555000000,2400000,334900,1440000,1290000,984000,1235000,508000,0,0,2700000,6010,0,0,1470000,8560000,82200,22800,94010000,445850000,11630000,3520000,3400000,2400000,114400000,92030000,0,0,0,0,0,0,0,0,0,0,0,0,0,0,0,0,0,High Activity
2025-10,2025,Q4,eFAWATEERcom,4950000,6690000,1420000000,0,0,0,0,0,0,0,0,0,0,0,4900000,55700,0,0,0,0,0,0,0,0,0,0,0,0,665,2272,1340000,5360000,352000000,1060000000,0,0,0,0,0,0,0,0,0,0,0,High Activity
2025-11,2025,Q4,ACH,0,1030000,818000000,0,0,0,0,0,0,0,0,0,0,0,0,0,0,0,0,0,0,0,0,0,0,0,0,0,0,0,0,0,0,0,1020000,6350,40200000,283,2650000,37,290000,0,0,0,0,Normal Activity
2025-11,2025,Q4,CliQ,2090000,16350000,1730000000,2010000,82400,1280000,750000,770000,907000,369000,2050000,47000,0,0,0,0,3170000,13200000,0,0,462500000,1270000000,0,0,2490000,6730000,232200000,846500000,0,0,0,0,0,0,0,0,0,0,0,0,0,0,0,0,0,Normal Activity
2025-11,2025,Q4,ECCU,0,562000,3300000000,0,0,0,0,0,0,0,0,0,0,0,0,0,0,0,0,0,0,0,0,0,0,0,0,0,0,0,0,0,0,0,0,0,0,0,0,0,0,17900,88000000,3.2,2.68,Normal Activity
2025-11,2025,Q4,JoMoPay,2780000,10100000,526000000,2440000,339800,1460000,1300000,1004000,1250000,515000,0,0,2700000,6138,0,0,1450000,8550000,72800,21400,90980000,421980000,10060000,3250000,3470000,2330000,107890000,84520000,0,0,0,0,0,0,0,0,0,0,0,0,0,0,0,0,0,Normal Activity
2025-11,2025,Q4,eFAWATEERcom,5000000,6520000,1410000000,0,0,0,0,0,0,0,0,0,0,0,5000000,41500,0,0,0,0,0,0,0,0,0,0,0,0,676,2310,1270000,5250000,338500000,1070000000,0,0,0,0,0,0,0,0,0,0,0,High Activity
2025-12,2025,Q4,ACH,0,1200000,939000000,0,0,0,0,0,0,0,0,0,0,0,0,0,0,0,0,0,0,0,0,0,0,0,0,0,0,0,0,0,0,0,1190000,6297,41200000,307,2510000,41,330000,0,0,0,0,High Activity
2025-12,2025,Q4,CliQ,2130000,17670000,1880000000,2040000,84000,1300000,760000,785000,917000,374000,2080000,48300,0,0,0,0,3420000,14250000,0,0,498500000,1380000000,0,0,2700000,7260000,255800000,928200000,0,0,0,0,0,0,0,0,0,0,0,0,0,0,0,0,0,High Activity
2025-12,2025,Q4,ECCU,0,570000,3850000000,0,0,0,0,0,0,0,0,0,0,0,0,0,0,0,0,0,0,0,0,0,0,0,0,0,0,0,0,0,0,0,0,0,0,0,0,0,0,17700,98000000,3.1,2.54,High Activity
2025-12,2025,Q4,JoMoPay,2810000,10930000,566000000,2470000,344200,1490000,1320000,1027000,1260000,519000,0,0,2800000,6280,0,0,1590000,9240000,72390,21300,101820000,449560000,10520000,3710000,3830000,2460000,117790000,88860000,0,0,0,0,0,0,0,0,0,0,0,0,0,0,0,0,0,High Activity
2025-12,2025,Q4,eFAWATEERcom,5040000,7030000,1600000000,0,0,0,0,0,0,0,0,0,0,0,5000000,44300,0,0,0,0,0,0,0,0,0,0,0,0,685,2323,1380000,5650000,425600000,1170000000,0,0,0,0,0,0,0,0,0,0,0,High Activity
2026-01,2026,Q1,ACH,0,1040000,862000000,0,0,0,0,0,0,0,0,0,0,0,0,0,0,0,0,0,0,0,0,0,0,0,0,0,0,0,0,0,0,0,1030000,5923,38800000,264,2470000,28,240000,0,0,0,0,High Activity
2026-01,2026,Q1,CliQ,2160000,17700000,1900000000,2070000,85600,1320000,780000,795000,932000,384000,2110000,49400,0,0,0,0,3410000,14290000,0,0,505100000,1390000000,0,0,2690000,7260000,260200000,938400000,0,0,0,0,0,0,0,0,0,0,0,0,0,0,0,0,0,High Activity
2026-01,2026,Q1,ECCU,0,407500,3070000000,0,0,0,0,0,0,0,0,0,0,0,0,0,0,0,0,0,0,0,0,0,0,0,0,0,0,0,0,0,0,0,0,0,0,0,0,0,0,11400,65900000,2.8,2.14,Low Activity
2026-01,2026,Q1,JoMoPay,2850000,11830000,584000000,2500000,348500,1510000,1330000,1040000,1274000,526000,0,0,2800000,6436,0,0,1730000,10010000,71550,21250,109610000,460720000,10100000,3750000,4470000,2540000,131420000,91320000,0,0,0,0,0,0,0,0,0,0,0,0,0,0,0,0,0,High Activity
2026-01,2026,Q1,eFAWATEERcom,5090000,6530000,1390000000,0,0,0,0,0,0,0,0,0,0,0,5040000,46200,0,0,0,0,0,0,0,0,0,0,0,0,686,2346,1250000,5280000,240000000,1150000000,0,0,0,0,0,0,0,0,0,0,0,High Activity
2026-02,2026,Q1,ACH,0,1080000,886000000,0,0,0,0,0,0,0,0,0,0,0,0,0,0,0,0,0,0,0,0,0,0,0,0,0,0,0,0,0,0,0,1080000,5442,37900000,292,2810000,31,280000,0,0,0,0,High Activity
2026-02,2026,Q1,CliQ,2200000,16580000,1790000000,2110000,87900,1340000,800000,801000,954000,394000,2150000,51000,0,0,0,0,3180000,13400000,0,0,464200000,1330000000,0,0,2550000,6830000,246900000,889500000,0,0,0,0,0,0,0,0,0,0,0,0,0,0,0,0,0,High Activity
2026-02,2026,Q1,ECCU,0,479000,3230000000,0,0,0,0,0,0,0,0,0,0,0,0,0,0,0,0,0,0,0,0,0,0,0,0,0,0,0,0,0,0,0,0,0,0,0,0,0,0,14300,75300000,3,2.33,Normal Activity
2026-02,2026,Q1,JoMoPay,2880000,10840000,553000000,2500000,353400,1540000,1340000,1041000,1294000,537000,0,0,2900000,6573,0,0,1590000,9160000,69090,19730,103030000,437180000,9710000,3480000,4110000,2310000,127100000,87600000,0,0,0,0,0,0,0,0,0,0,0,0,0,0,0,0,0,High Activity
2026-02,2026,Q1,eFAWATEERcom,5130000,6580000,1240000000,0,0,0,0,0,0,0,0,0,0,0,5090000,43500,0,0,0,0,0,0,0,0,0,0,0,0,698,2388,1250000,5330000,170800000,1070000000,0,0,0,0,0,0,0,0,0,0,0,Normal Activity
2026-03,2026,Q1,ACH,0,1130000,937000000,0,0,0,0,0,0,0,0,0,0,0,0,0,0,0,0,0,0,0,0,0,0,0,0,0,0,0,0,0,0,0,1120000,5518,35700000,272,2480000,44,320000,0,0,0,0,High Activity
2026-03,2026,Q1,CliQ,2220000,19010000,2020000000,2130000,89200,1350000,800000,805000,964000,400000,2170000,52100,0,0,0,0,3530000,15480000,0,0,510700000,1510000000,0,0,2930000,7820000,279100000,1010000000,0,0,0,0,0,0,0,0,0,0,0,0,0,0,0,0,0,High Activity
2026-03,2026,Q1,ECCU,0,567000,3430000000,0,0,0,0,0,0,0,0,0,0,0,0,0,0,0,0,0,0,0,0,0,0,0,0,0,0,0,0,0,0,0,0,0,0,0,0,0,0,20100,119600000,3.5,3.48,Normal Activity
2026-03,2026,Q1,JoMoPay,2910000,12760000,652000000,2550000,356600,1550000,1340000,1051000,1306000,543000,0,0,2900000,6754,0,0,1890000,10780000,73870,20790,134840000,502750000,10460000,3810000,4900000,2700000,143590000,98960000,0,0,0,0,0,0,0,0,0,0,0,0,0,0,0,0,0,High Activity
2026-03,2026,Q1,eFAWATEERcom,5170000,7360000,1260000000,0,0,0,0,0,0,0,0,0,0,0,5130000,41800,0,0,0,0,0,0,0,0,0,0,0,0,707,2429,1240000,6120000,157100000,1100000000,0,0,0,0,0,0,0,0,0,0,0,Normal Activity
2026-04,2026,Q2,ACH,0,1070000,896000000,0,0,0,0,0,0,0,0,0,0,0,0,0,0,0,0,0,0,0,0,0,0,0,0,0,0,0,0,0,0,0,1070000,5754,36200000,249,2400000,35,230000,0,0,0,0,High Activity
2026-04,2026,Q2,CliQ,2250000,19330000,1890000000,2160000,90900,1370000,820000,815000,977000,407000,2200000,53400,0,0,0,0,3770000,15560000,0,0,504900000,1380000000,0,0,2930000,7790000,257100000,920000000,0,0,0,0,0,0,0,0,0,0,0,0,0,0,0,0,0,High Activity
2026-04,2026,Q2,ECCU,0,438000,3180000000,0,0,0,0,0,0,0,0,0,0,0,0,0,0,0,0,0,0,0,0,0,0,0,0,0,0,0,0,0,0,0,0,0,0,0,0,0,0,12400,72400000,2.8,2.28,Low Activity
2026-04,2026,Q2,JoMoPay,2930000,13290000,601000000,2570000,361200,1570000,1350000,1061000,1318000,549000,0,0,2900000,7041,0,0,1960000,11250000,63480,20410,119920000,468440000,8960000,3540000,5210000,2780000,133250000,94050000,0,0,0,0,0,0,0,0,0,0,0,0,0,0,0,0,0,High Activity
2026-04,2026,Q2,eFAWATEERcom,5210000,6590000,1430000000,0,0,0,0,0,0,0,0,0,0,0,5170000,37200,0,0,0,0,0,0,0,0,0,0,0,0,716,2507,1200000,5400000,173700000,1260000000,0,0,0,0,0,0,0,0,0,0,0,High Activity
2026-05,2026,Q2,ACH,0,1160000,908000000,0,0,0,0,0,0,0,0,0,0,0,0,0,0,0,0,0,0,0,0,0,0,0,0,0,0,0,0,0,0,0,1150000,5876,37800000,301,2810000,39,270000,0,0,0,0,High Activity
2026-05,2026,Q2,CliQ,2280000,21430000,2130000000,2190000,92700,1390000,830000,827000,988000,412000,2200000,54700,0,0,0,0,4210000,17230000,0,0,572500000,1560000000,0,0,3240000,8560000,292500000,1030000000,0,0,0,0,0,0,0,0,0,0,0,0,0,0,0,0,0,High Activity
2026-05,2026,Q2,ECCU,0,552000,3330000000,0,0,0,0,0,0,0,0,0,0,0,0,0,0,0,0,0,0,0,0,0,0,0,0,0,0,0,0,0,0,0,0,0,0,0,0,0,0,18600,103600000,3.4,3.11,Normal Activity
2026-05,2026,Q2,JoMoPay,2970000,14980000,698000000,2600000,366100,1600000,1360000,1081000,1327000,553000,0,0,2900000,7401,0,0,2370000,12510000,66820,21350,147110000,537120000,9740000,3750000,5770000,3060000,150900000,104500000,0,0,0,0,0,0,0,0,0,0,0,0,0,0,0,0,0,High Activity
2026-05,2026,Q2,eFAWATEERcom,5250000,6860000,1190000000,0,0,0,0,0,0,0,0,0,0,0,5210000,40460,0,0,0,0,0,0,0,0,0,0,0,0,718,2513,1100000,5700000,133870000,1060000000,0,0,0,0,0,0,0,0,0,0,0,Normal Activity
2026-06,2026,Q2,ACH,0,1070000,943000000,0,0,0,0,0,0,0,0,0,0,0,0,0,0,0,0,0,0,0,0,0,0,0,0,0,0,0,0,0,0,0,1070000,5699,41700000,348,3070000,39,390000,0,0,0,0,High Activity
2026-06,2026,Q2,CliQ,2310000,20960000,2150000000,2220000,94500,1400000,840000,828000,1004000,423000,2260000,56050,0,0,0,0,4240000,16720000,0,0,609500000,1540000000,0,0,3120000,8260000,288900000,1020000000,0,0,0,0,0,0,0,0,0,0,0,0,0,0,0,0,0,High Activity
2026-06,2026,Q2,ECCU,0,510000,3480000000,0,0,0,0,0,0,0,0,0,0,0,0,0,0,0,0,0,0,0,0,0,0,0,0,0,0,0,0,0,0,0,0,0,0,0,0,0,0,16100,98900000,3.2,2.85,Normal Activity
2026-06,2026,Q2,JoMoPay,3000000,14790000,671000000,2630000,371400,1620000,1370000,1081000,1345000,565000,0,0,2950000,7600,0,0,2430000,12290000,59110,19910,146590000,511980000,9360000,3530000,5730000,2960000,143150000,97260000,0,0,0,0,0,0,0,0,0,0,0,0,0,0,0,0,0,High Activity
2026-06,2026,Q2,eFAWATEERcom,5290000,7060000,1260000000,0,0,0,0,0,0,0,0,0,0,0,5250000,42450,0,0,0,0,0,0,0,0,0,0,0,0,727,2528,1260000,5800000,151900000,1100000000,0,0,0,0,0,0,0,0,0,0,0,Normal Activity
